game,cpu color,num workers,move number,move,move evaluation,move time
1,black,2,1,d7d5,0,0.7607777118682861
1,black,2,3,e7e6,-89,0.761929988861084
1,black,2,5,c7c5,-58,0.7606689929962158
1,black,2,7,f8c5,-39,0.7576038837432861
1,black,2,9,g8f6,-54,0.7590959072113037
1,black,2,11,c5f8,-24,0.7587723731994629
1,black,2,13,b8c6,125,0.7649092674255371
1,black,2,15,d5d4,92,0.7642912864685059
1,black,2,17,a7a5,97,0.7585625648498535
1,black,2,19,e6d5,85,0.7569234371185303
1,black,2,21,c6a7,128,0.7599952220916748
1,black,2,23,c8e6,44,0.764777660369873
1,black,2,25,f8e7,9,0.7619316577911377
1,black,2,27,e8g8,-223,0.7624633312225342
1,black,2,29,a7c8,-476,0.7611327171325684
1,black,2,31,a5a4,-175,0.7611048221588135
1,black,2,33,d8a5,-165,0.7610418796539307
1,black,2,35,e7c5,-181,0.7592816352844238
1,black,2,37,a8a5,-282,0.7563376426696777
1,black,2,39,f7e6,-379,0.8048920631408691
1,black,2,41,a5a8,-302,0.757655143737793
1,black,2,43,c5a3,-336,0.756810188293457
1,black,2,45,a3d6,-327,0.7592301368713379
1,black,2,47,f8f6,-503,0.7569665908813477
1,black,2,49,g8h8,-615,0.7590656280517578
1,black,2,51,d6c5,-449,0.7569975852966309
1,black,2,53,c8d6,-215,0.7573268413543701
1,black,2,55,a8f8,-283,0.7556285858154297
1,black,2,57,a4a3,-377,0.757270097732544
1,black,2,59,e6e5,-665,0.8045220375061035
1,black,2,61,e5e4,-631,0.8057069778442383
1,black,2,63,d6b5,-889,0.7563152313232422
1,black,2,65,c5e7,-1127,0.7568268775939941
1,black,2,67,f6g6,-627,0.7557713985443115
1,black,2,69,f8f7,-547,0.7584102153778076
1,black,2,71,f7f8,-566,0.758552074432373
1,black,2,73,g6g5,-871,0.7562839984893799
1,black,2,75,g5c5,-821,0.7562594413757324
1,black,2,77,a3a2,-973,0.8054087162017822
1,black,2,79,e7c5,-991,0.8062765598297119
1,black,2,81,b5c3,-1202,0.8045361042022705
1,black,2,83,c5f2,-967,0.755713701248169
1,black,2,85,f2d4,-5988,0.804100751876831
1,black,2,87,f8b8,-6369,0.8058032989501953
1,black,2,89,c3e4,-5975,0.8059482574462891
1,black,2,91,b8b1,-5985,0.805596113204956
1,black,2,93,e4c3,-5951,0.8051996231079102
1,black,2,95,c3a2,-7,0.8057122230529785
1,black,2,97,h8g8,-9,0.8050534725189209
1,black,2,99,b1b2,-13,0.8038976192474365
1,black,2,101,a2c3,-17,0.8038730621337891
1,black,2,103,c3d5,-10,0.7557597160339355
1,black,2,105,g8f7,-3,0.8057820796966553
1,black,2,107,b2d2,-6,0.8038406372070312
1,black,2,109,g7g6,-5,0.8052072525024414
1,black,2,111,d5e7,-5,0.8039309978485107
1,black,2,113,e7f5,-2,0.7813236713409424
1,black,2,115,d2d4,-6,0.7557587623596191
1,black,2,117,d4f4,0,0.7380850315093994
1,black,2,119,f4h4,-3,0.804973840713501
1,black,2,121,h4g4,-2,0.7589495182037354
1,black,2,123,g4g2,-2,0.8042309284210205
1,black,2,125,g2g3,0,0.6688864231109619
1,black,2,127,g3g4,-3,0.8061981201171875
1,black,2,129,g4g5,-3,0.7546727657318115
1,black,2,131,f5h4,-3,0.8050086498260498
1,black,2,133,f7e6,-3,0.8038358688354492
1,black,2,135,e6e5,-2,0.8049392700195312
1,black,2,137,h4g2,0,0.6919450759887695
1,black,2,139,g5g3,-3,0.8038954734802246
1,black,2,141,g3g4,0,0.7442760467529297
1,black,2,143,g4g3,-3,0.804999589920044
1,black,2,145,e5d5,0,0.7233247756958008
1,black,2,147,g6g5,0,0.46453094482421875
1,black,2,149,g3b3,0,0.4394838809967041
1,black,2,151,d5c4,0,0.245589017868042
1,black,2,153,b3b2,0,0.21938443183898926
1,black,2,155,c4c5,0,0.2437741756439209
1,black,2,157,c5c6,0,0.15405797958374023
1,black,2,159,c6c7,0,0.01807117462158203
1,black,2,161,b2a2,0,0.016333580017089844
2,black,2,1,e7e6,-26,0.7611515522003174
2,black,2,3,d7d5,0,0.7570891380310059
2,black,2,5,d5d4,-17,0.7581596374511719
2,black,2,7,d4d3,174,0.7587840557098389
2,black,2,9,b8c6,166,0.7574682235717773
2,black,2,11,h7h5,226,0.764162540435791
2,black,2,13,f8e7,129,0.7595219612121582
2,black,2,15,b7b6,167,0.7600383758544922
2,black,2,17,c6e5,158,0.7578039169311523
2,black,2,19,e5c6,-66,0.7624409198760986
2,black,2,21,a7a5,-59,0.7597553730010986
2,black,2,23,c6a7,-19,0.7593586444854736
2,black,2,25,h5h4,12,0.76235032081604
2,black,2,27,a8b8,47,0.7621285915374756
2,black,2,29,c8b7,-5,0.7618281841278076
2,black,2,31,e8f8,45,0.7632451057434082
2,black,2,33,g7g6,1,0.7603328227996826
2,black,2,35,g8f6,-15,0.7617108821868896
2,black,2,37,f7e6,-93,0.7565155029296875
2,black,2,39,b7e4,-114,0.7587649822235107
2,black,2,41,h8h6,-14,3.7513608932495117
2,black,2,43,f8e8,-20,0.7595016956329346
2,black,2,45,e8d7,146,0.7577755451202393
2,black,2,47,d8h8,145,0.75929856300354
2,black,2,49,b8h8,127,0.8046751022338867
2,black,2,51,f6d5,132,0.7573363780975342
2,black,2,53,e4g6,137,0.7573401927947998
2,black,2,55,d5f4,234,0.7580206394195557
2,black,2,57,h8f8,309,0.7574336528778076
2,black,2,59,f4h5,256,0.7607340812683105
2,black,2,61,e6e5,-225,0.7579588890075684
2,black,2,63,e7c5,192,0.7583489418029785
2,black,2,65,h5f4,-162,0.7574503421783447
2,black,2,67,g6f7,-683,0.7575201988220215
2,black,2,69,f8g8,0,0.8047566413879395
2,black,2,71,d7c8,0,0.7569913864135742
2,black,2,73,c8b7,0,0.8056268692016602
2,black,2,75,g8h8,316,0.7585422992706299
2,black,2,77,b7c8,107,0.7564303874969482
2,black,2,79,c8b8,-164,0.7562146186828613
2,black,2,81,a7c8,-94,0.7595946788787842
2,black,2,83,c8d6,-24,0.7564713954925537
2,black,2,85,b8a7,-52,0.8043270111083984
2,black,2,87,a7b8,38,0.8050611019134521
2,black,2,89,c5e3,303,0.7561004161834717
2,black,2,91,d6c4,275,0.7564394474029541
2,black,2,93,c4d6,76,0.7583692073822021
2,black,2,95,f7g6,184,0.758033275604248
2,black,2,97,b8c8,-75,0.7593824863433838
2,black,2,99,c8d7,126,0.7612450122833252
2,black,2,101,g6f7,50,0.7573707103729248
2,black,2,103,f7d5,0,0.7576472759246826
2,black,2,105,f4d5,0,0.7558064460754395
2,black,2,107,d6f7,0,0.7571430206298828
2,black,2,109,d5f4,0,0.7568252086639404
2,black,2,111,f7d6,-25,0.7577195167541504
2,black,2,113,d7e7,-78,0.7564632892608643
2,black,2,115,e7f7,-193,0.7561583518981934
2,black,2,117,f7g7,-59,0.7564709186553955
2,black,2,119,f4d3,-60,0.7578184604644775
2,black,2,121,d3f4,-53,0.8047730922698975
2,black,2,123,g7f7,6,0.7587082386016846
2,black,2,125,f7g7,-133,0.7567932605743408
2,black,2,127,f4e2,-158,0.7575392723083496
2,black,2,129,e2f4,-64,0.7592394351959229
3,black,2,1,d7d5,30,0.7584123611450195
3,black,2,3,c7c6,6,0.7581186294555664
3,black,2,5,g8f6,-4,0.7598233222961426
3,black,2,7,b8d7,-40,0.7593603134155273
3,black,2,9,e7e6,-33,0.759906530380249
3,black,2,11,h7h5,87,0.7589943408966064
3,black,2,13,e6e5,17,0.7628979682922363
3,black,2,15,f6g8,-167,0.7593176364898682
3,black,2,17,e5f4,53,0.7606198787689209
3,black,2,19,f8e7,72,0.7596261501312256
3,black,2,21,d7f6,76,0.7578961849212646
3,black,2,23,g8h6,104,0.759162187576294
3,black,2,25,d8c7,24,0.7592785358428955
3,black,2,27,c8d7,174,0.7623536586761475
3,black,2,29,c7d8,0,0.760446310043335
3,black,2,31,e8g8,242,0.7568068504333496
3,black,2,33,f6e4,246,0.7577788829803467
3,black,2,35,d5e4,189,0.758573055267334
3,black,2,37,e7h4,129,0.7598962783813477
3,black,2,39,f7f5,274,0.7602074146270752
3,black,2,41,d7e8,252,0.7586889266967773
3,black,2,43,e8f7,309,0.7596435546875
3,black,2,45,h6f7,225,0.7596971988677979
3,black,2,47,f7g5,128,0.7571830749511719
3,black,2,49,g5f3,152,0.7569234371185303
3,black,2,51,d8d5,205,0.7594888210296631
3,black,2,53,c6d5,162,0.8061277866363525
3,black,2,55,a8e8,66,0.7566766738891602
3,black,2,57,e8e4,169,0.7592737674713135
3,black,2,59,f8f7,163,0.7566406726837158
3,black,2,61,h4f6,190,0.8062798976898193
3,black,2,63,f7e7,201,0.7576084136962891
3,black,2,65,g8f7,105,0.7567462921142578
3,black,2,67,g7g6,220,0.7563607692718506
3,black,2,69,e7e8,198,0.7603282928466797
3,black,2,71,a7a6,-149,0.7578125
3,black,2,73,b7c6,279,0.7569961547851562
3,black,2,75,e8e7,329,0.7573544979095459
3,black,2,77,e7d7,500,0.8051161766052246
3,black,2,79,h5h4,580,0.7563004493713379
3,black,2,81,e4e8,592,0.8051919937133789
3,black,2,83,e8e6,481,0.7573833465576172
3,black,2,85,d7c7,875,0.7560641765594482
3,black,2,87,e6e7,956,0.8053393363952637
3,black,2,89,e7e1,0,0.7548263072967529
3,black,2,91,f6g5,0,0.4105963706970215
3,black,2,93,g5e7,0,0.3216977119445801
3,black,2,95,e7f8,0,0.2937026023864746
3,black,2,97,f7f6,0,0.21026945114135742
3,black,2,99,f6e7,0,0.0076160430908203125
4,black,2,1,e7e6,7,0.7582600116729736
4,black,2,3,d7d5,11,0.7609608173370361
4,black,2,5,d5d4,33,0.7609543800354004
4,black,2,7,c7c6,135,0.7585964202880859
4,black,2,9,g8e7,155,0.7576794624328613
4,black,2,11,a7a5,202,0.759645938873291
4,black,2,13,h7h6,148,0.7587699890136719
4,black,2,15,e7d5,397,0.7583184242248535
4,black,2,17,b8d7,381,0.7613298892974854
4,black,2,19,f8e7,259,0.7620048522949219
4,black,2,21,g7g5,391,0.7595546245574951
4,black,2,23,h6h5,456,0.7593436241149902
4,black,2,25,g5g4,300,0.7596652507781982
4,black,2,27,e8g8,361,0.7575502395629883
4,black,2,29,b7b6,472,0.7587070465087891
4,black,2,31,d8e7,430,0.7578434944152832
4,black,2,33,g4g3,1501,0.7583210468292236
4,black,2,35,e7h4,0,0.7552266120910645
4,black,2,37,d5e7,0,0.3071019649505615
4,black,2,39,b6b5,0,0.1063687801361084
5,black,2,1,e7e6,26,0.7595319747924805
5,black,2,3,d7d5,26,0.7596192359924316
5,black,2,5,d5d4,1,0.7616539001464844
5,black,2,7,d4d3,25,0.7597591876983643
5,black,2,9,d8h4,109,0.7569048404693604
5,black,2,11,c8d7,188,0.7611033916473389
5,black,2,13,d7c6,64,0.7609667778015137
5,black,2,15,a7a5,-291,0.7573151588439941
5,black,2,17,a5b4,-226,0.758234977722168
5,black,2,19,f8b4,-38,0.8047611713409424
5,black,2,21,h4b4,-190,0.7589256763458252
5,black,2,23,g8e7,-114,0.7579784393310547
5,black,2,25,b8d7,-231,0.7600219249725342
5,black,2,27,e7d5,-93,0.7571747303009033
5,black,2,29,b4e7,-172,0.7591361999511719
5,black,2,31,d5b4,-277,0.7610950469970703
5,black,2,33,e8g8,-283,0.7572197914123535
5,black,2,35,c6a4,-713,0.7595474720001221
5,black,2,37,b4c2,-694,0.7581846714019775
5,black,2,39,b7b5,-575,0.7591898441314697
5,black,2,41,c2a1,-889,0.7573919296264648
5,black,2,43,f8a8,-628,0.7584259510040283
5,black,2,45,a8e8,-763,0.7576925754547119
5,black,2,47,b5c4,-502,0.8054873943328857
5,black,2,49,e7c5,-638,0.756415843963623
5,black,2,51,e8b8,-718,0.7575769424438477
5,black,2,53,c5b5,-774,0.7573943138122559
5,black,2,55,d7c5,-786,0.7580423355102539
5,black,2,57,c5d3,-842,0.8042716979980469
5,black,2,59,h7h6,-736,0.7570962905883789
5,black,2,61,b5b7,-740,0.7572712898254395
5,black,2,63,b7b3,-812,0.8050961494445801
5,black,2,65,b8b7,-750,0.757164478302002
5,black,2,67,b7b8,-698,0.7569551467895508
5,black,2,69,b8b7,-691,0.7569718360900879
5,black,2,71,g8h7,-1272,0.8060364723205566
5,black,2,73,b3b5,-637,0.7568933963775635
5,black,2,75,c7c5,-620,0.7574772834777832
5,black,2,77,b5c6,-1144,0.7568418979644775
5,black,2,79,c6d5,0,0.7556211948394775
5,black,2,81,d5h1,0,0.5083091259002686
5,black,2,83,g7f6,0,0.4063529968261719
5,black,2,85,d3f2,0,0.40778398513793945
5,black,2,87,a4d1,0,0.5111641883850098
5,black,2,89,h6h5,0,0.10658407211303711
6,black,2,1,e7e6,-8,0.7590889930725098
6,black,2,3,d7d5,3,0.7593142986297607
6,black,2,5,d5d4,48,0.7609989643096924
6,black,2,7,d4d3,151,0.7611668109893799
6,black,2,9,b8c6,187,0.7612636089324951
6,black,2,11,h7h5,179,0.7598702907562256
6,black,2,13,f7f5,129,0.7600328922271729
6,black,2,15,g8h6,300,0.7589640617370605
6,black,2,17,c8d7,234,0.7582693099975586
6,black,2,19,h6g4,159,0.760181188583374
6,black,2,21,d8h4,158,0.7635629177093506
6,black,2,23,e8c8,340,0.7604525089263916
6,black,2,25,h4g5,169,0.7569034099578857
6,black,2,27,g5h6,274,0.7595386505126953
6,black,2,29,d7e8,553,0.760218620300293
6,black,2,31,h5g4,549,0.7606220245361328
6,black,2,33,h6g6,543,0.7599542140960693
6,black,2,35,c6e7,372,0.8048021793365479
6,black,2,37,e8c6,577,0.7581648826599121
6,black,2,39,e7c6,821,0.805302619934082
6,black,2,41,f8e7,619,0.7607038021087646
6,black,2,43,c6e7,1,0.7560620307922363
6,black,2,45,e7c6,855,0.7581548690795898
6,black,2,47,c8b8,554,0.7572340965270996
6,black,2,49,g6f7,700,0.7590837478637695
6,black,2,51,g7g6,659,0.7579803466796875
6,black,2,53,g6g5,556,0.7589371204376221
6,black,2,55,e6d5,409,0.7567906379699707
6,black,2,57,f7h7,563,0.757035493850708
6,black,2,59,h8e8,572,0.7606179714202881
6,black,2,61,h7g6,743,0.7585389614105225
6,black,2,63,g6c6,841,0.7576968669891357
6,black,2,65,d5d4,452,0.7595615386962891
6,black,2,67,d8d7,829,0.7582628726959229
6,black,2,69,c6b6,714,0.7581634521484375
6,black,2,71,b6b4,799,0.7568559646606445
6,black,2,73,e8e5,799,0.7570102214813232
6,black,2,75,d4d3,825,0.7570827007293701
6,black,2,77,a7a5,718,0.8043382167816162
6,black,2,79,c7c6,4,0.7563107013702393
6,black,2,81,b8c7,2,0.8044812679290771
6,black,2,83,d7g7,4,0.7556371688842773
6,black,2,85,c7b6,12,0.7566831111907959
6,black,2,87,b6a5,15,0.7569761276245117
6,black,2,89,a5a6,3,0.804572582244873
6,black,2,91,a6a7,4,0.755486011505127
6,black,2,93,b7b6,2,0.7544763088226318
6,black,2,95,g7g8,4,0.8041810989379883
6,black,2,97,a7a6,4,0.8041441440582275
6,black,2,99,g8b8,0,0.5675749778747559
6,black,2,101,b8a8,0,0.5442805290222168
6,black,2,103,a6b5,0,3.7511935234069824
6,black,2,105,b5c4,0,0.46481895446777344
6,black,2,107,c4d4,0,0.36392879486083984
6,black,2,109,d4d3,0,0.16426920890808105
6,black,2,111,d3c4,0,0.07995796203613281
6,black,2,113,c4d4,0,0.06922316551208496
6,black,2,115,d4e4,0,0.006916999816894531
7,black,2,1,e7e6,41,0.7596561908721924
7,black,2,3,d7d5,0,0.7589356899261475
7,black,2,5,d5d4,0,0.7583580017089844
7,black,2,7,d4d3,140,0.7581565380096436
7,black,2,9,d8h4,97,0.758704423904419
7,black,2,11,c8d7,171,0.759981632232666
7,black,2,13,c7c5,87,0.7601993083953857
7,black,2,15,g8h6,-14,0.7607252597808838
7,black,2,17,d7b5,75,0.7623195648193359
7,black,2,19,b5c6,-34,0.7586257457733154
7,black,2,21,h6f5,-68,0.7591912746429443
7,black,2,23,f8c5,-584,0.7601485252380371
7,black,2,25,h4d4,-481,0.758988618850708
7,black,2,27,d4c5,-510,0.7560760974884033
7,black,2,29,e8g8,-801,0.7579588890075684
7,black,2,31,f8d8,-570,0.7598206996917725
7,black,2,33,f5d4,-764,0.7571818828582764
7,black,2,35,d4f5,-954,0.7577550411224365
7,black,2,37,d8d4,-775,0.8057222366333008
7,black,2,39,b8d7,-737,0.8053896427154541
7,black,2,41,c5c6,-1056,0.7569561004638672
7,black,2,43,d4d3,-821,0.7596497535705566
7,black,2,45,d7c5,-866,0.7580122947692871
7,black,2,47,a8d8,-1423,0.7560994625091553
7,black,2,49,d3d2,-8,0.7569842338562012
7,black,2,51,f5e3,-6,0.7560083866119385
7,black,2,53,d8d2,-6571,0.8040065765380859
7,black,2,55,e3c2,-1965,0.8045980930328369
7,black,2,57,c6e8,-918,0.7566378116607666
7,black,2,59,g8h8,-849,0.7555012702941895
7,black,2,61,d2d3,-566,0.7564141750335693
7,black,2,63,c2b4,-724,0.7569544315338135
7,black,2,65,e8c6,-852,0.7603158950805664
7,black,2,67,c6a6,-952,0.8053731918334961
7,black,2,69,h8g8,-1281,3.7509605884552
7,black,2,71,b4a2,-6476,0.7561466693878174
7,black,2,73,d3b3,-1587,0.8051879405975342
7,black,2,75,c5b3,-1420,0.7567107677459717
7,black,2,77,g8f7,-4,0.8037188053131104
7,black,2,79,f7g6,-5,0.7571361064910889
7,black,2,81,g6f5,-20,0.7556467056274414
7,black,2,83,b3c5,-3,0.8053243160247803
7,black,2,85,a6c4,-4,0.8049042224884033
7,black,2,87,c4e2,-7,0.8054208755493164
7,black,2,89,f5g6,-28,0.7547569274902344
7,black,2,91,e2e4,-5,0.804631233215332
7,black,2,93,g6f7,-14,0.7546782493591309
7,black,2,95,e4e3,-6,0.8048563003540039
7,black,2,97,e3e5,-6,0.8059358596801758
7,black,2,99,c5e4,-3,0.8038487434387207
7,black,2,101,e5c3,0,0.7172560691833496
7,black,2,103,c3b2,-7,0.8041386604309082
7,black,2,105,e4f6,-2,0.8049707412719727
7,black,2,107,b2g2,-5,0.8053510189056396
7,black,2,109,b7b6,-9,0.8053805828094482
7,black,2,111,g2h3,-11,0.7559947967529297
7,black,2,113,h3h2,-4,0.8055500984191895
7,black,2,115,h2e2,-4,0.8051755428314209
7,black,2,117,e2e1,-7,0.8053696155548096
7,black,2,119,f6e4,-4,0.7556061744689941
7,black,2,121,e1f1,-12,0.7559521198272705
7,black,2,123,f7g8,-2,0.7751970291137695
7,black,2,125,a7a5,-9,0.8042771816253662
7,black,2,127,f1g2,-2,0.7549138069152832
7,black,2,129,b6b5,-5,0.7561755180358887
7,black,2,131,g8g7,-1,0.7577371597290039
7,black,2,133,e4g5,-5,0.7563693523406982
7,black,2,135,g2g3,-3,0.8035805225372314
7,black,2,137,g3f2,-6,0.754666805267334
7,black,2,139,f2d4,-3,0.8040897846221924
7,black,2,141,d4f4,-2,0.8043212890625
7,black,2,143,a5a4,-2,0.7653536796569824
7,black,2,145,b5b4,-4,0.8040294647216797
7,black,2,147,g5e4,0,0.608788251876831
7,black,2,149,b4b3,0,0.7152822017669678
7,black,2,151,e4d2,0,0.6566126346588135
7,black,2,153,f4e3,0,0.5237791538238525
7,black,2,155,e3b6,0,0.5977263450622559
7,black,2,157,b6e3,0,0.46957993507385254
7,black,2,159,e3b6,0,0.6093428134918213
7,black,2,161,b6d6,0,0.4776496887207031
7,black,2,163,a4a3,-2,0.7643883228302002
7,black,2,165,g7h7,-6,0.7556359767913818
7,black,2,167,d6h2,-2,0.7869219779968262
7,black,2,169,d2b1,0,0.6186349391937256
7,black,2,171,h2g3,0,0.7172207832336426
7,black,2,173,g3b8,-2,0.804985761642456
7,black,2,175,b8b7,0,0.6098315715789795
7,black,2,177,b7e4,0,0.40714526176452637
7,black,2,179,e4d3,-11,0.8050432205200195
7,black,2,181,d3e3,-12,0.8031892776489258
7,black,2,183,e3e2,-17,0.7556869983673096
7,black,2,185,h7g8,-6119,0.8048250675201416
7,black,2,187,e2e5,-12,0.8051602840423584
7,black,2,189,g8f7,-16,0.8052446842193604
7,black,2,191,e5c5,-16,0.8037447929382324
7,black,2,193,c5b4,-11,0.8036880493164062
7,black,2,195,f7g6,-8,0.8052711486816406
7,black,2,197,g6g5,-9,0.8052935600280762
7,black,2,199,g5f4,-6086,0.8049232959747314
7,black,2,201,e6e5,-6,0.8051221370697021
7,black,2,203,f4f3,-6,0.8054237365722656
7,black,2,205,e5e4,-3,0.8050191402435303
7,black,2,207,f3e3,-4,0.8053240776062012
7,black,2,209,e3f2,-3,0.8034939765930176
7,black,2,211,f2f3,-4,0.7555897235870361
7,black,2,213,e4e3,-2,0.805173397064209
7,black,2,215,e3e2,0,0.6902563571929932
7,black,2,217,e2e1r,-6,0.8053181171417236
7,black,2,219,e1a1,-4,0.8055770397186279
7,black,2,221,f3e4,-4,0.8039648532867432
7,black,2,223,a1b1,-4,0.8050453662872314
7,black,2,225,e4d4,-4,0.8046443462371826
7,black,2,227,d4d5,0,0.6581828594207764
7,black,2,229,b1b5,0,0.6090881824493408
7,black,2,231,b5b7,0,0.488055944442749
7,black,2,233,d5d6,0,0.19522333145141602
7,black,2,235,d6e6,0,0.2446916103363037
7,black,2,237,e6f6,0,0.027591466903686523
7,black,2,239,f6g6,0,0.016884803771972656
7,black,2,241,b7b8,0,0.012905120849609375
8,black,2,1,e7e5,-50,0.7599565982818604
8,black,2,3,e5d4,-93,0.759058952331543
8,black,2,5,d7d5,-25,0.7575395107269287
8,black,2,7,c7c6,0,0.7597596645355225
8,black,2,9,h7h6,-4,0.761033296585083
8,black,2,11,g8f6,21,0.7592949867248535
8,black,2,13,f8d6,-34,0.76059889793396
8,black,2,15,e8g8,-49,0.7583091259002686
8,black,2,17,d8e7,-127,0.7588655948638916
8,black,2,19,f8e8,-134,0.7583045959472656
8,black,2,21,b8d7,-106,0.7610988616943359
8,black,2,23,f6e4,-175,0.7592129707336426
8,black,2,25,d7f6,-114,0.7585372924804688
8,black,2,27,f6e4,-139,0.7601609230041504
8,black,2,29,c8f5,-115,0.7596728801727295
8,black,2,31,a7a5,-174,0.7596104145050049
8,black,2,33,e8b8,-100,0.760331392288208
8,black,2,35,b8e8,-132,0.7588064670562744
8,black,2,37,d6c7,-162,0.7607452869415283
8,black,2,39,h6h5,-158,0.8044567108154297
8,black,2,41,e7d6,-478,0.7652099132537842
8,black,2,43,f7f6,-312,0.7571346759796143
8,black,2,45,a8d8,-222,0.7574644088745117
8,black,2,47,b7b5,-209,0.7589013576507568
8,black,2,49,h5h4,-238,0.7587223052978516
8,black,2,51,a5a4,-69,0.8056924343109131
8,black,2,53,g7g5,173,0.7603709697723389
8,black,2,55,c6c5,-16,0.757591962814331
8,black,2,57,d6e6,0,0.7608845233917236
8,black,2,59,e4g3,-281,0.7590160369873047
8,black,2,61,f5c2,-549,0.7602279186248779
8,black,2,63,h4g3,-369,0.7596056461334229
8,black,2,65,e6e4,-519,0.7562506198883057
8,black,2,67,g8f7,112,0.7571704387664795
8,black,2,69,e8e7,-122,0.7582921981811523
8,black,2,71,e4h4,-173,0.7582287788391113
8,black,2,73,e7e5,-506,0.7611596584320068
8,black,2,75,g5g4,-211,0.7603864669799805
8,black,2,77,e5g5,-171,0.7564828395843506
8,black,2,79,g4f3,-165,0.8039329051971436
8,black,2,81,f3e2,-30,0.7562856674194336
8,black,2,83,d5d4,-193,0.8047630786895752
8,black,2,85,f7g7,75,0.8037230968475342
8,black,2,87,g5c5,-65,0.7570955753326416
8,black,2,89,d8d4,-207,0.7576808929443359
8,black,2,91,c5c6,-228,0.7566721439361572
8,black,2,93,c6d6,-211,0.7556228637695312
8,black,2,95,d6d4,-508,0.7558331489562988
8,black,2,97,d4e4,-696,0.8056731224060059
8,black,2,99,c7g3,-530,0.7564284801483154
8,black,2,101,g3c7,-739,0.7557783126831055
8,black,2,103,c7a5,-772,0.8056421279907227
8,black,2,105,a5e1,-5898,0.7563297748565674
8,black,2,107,e1g3,-774,0.8056182861328125
8,black,2,109,g7h6,-600,0.8055112361907959
8,black,2,111,e4b4,-5871,0.8042528629302979
8,black,2,113,b4e4,0,0.7558000087738037
8,black,2,115,h6g5,0,0.3552253246307373
8,black,2,117,g3h4,-3,0.8050632476806641
8,black,2,119,e4e2,-11,0.8049218654632568
8,black,2,121,h4g3,-4,0.804781436920166
8,black,2,123,g3d6,-6,0.8051888942718506
8,black,2,125,g5g4,-5,0.8038408756256104
8,black,2,127,d6g3,-3,0.804713249206543
8,black,2,129,f6f5,-4,0.8052558898925781
8,black,2,131,g3h4,-3,0.8049921989440918
8,black,2,133,h4g3,-2,0.7734744548797607
8,black,2,135,g3d6,-2,0.8051280975341797
8,black,2,137,f5f4,-4,0.8039069175720215
8,black,2,139,g4g3,-3,0.7543442249298096
8,black,2,141,d6c5,-2,0.8042418956756592
8,black,2,143,g3g2,-3,0.8041017055511475
8,black,2,145,f4f3,-3,0.8038887977600098
8,black,2,147,c5d6,-2,0.7734007835388184
8,black,2,149,d6f4,0,0.6805551052093506
8,black,2,151,f4d6,-2,0.7658114433288574
8,black,2,153,f3f2,0,0.65846848487854
8,black,2,155,f2f1r,-7,0.8053061962127686
8,black,2,157,g2f3,-5,0.7556581497192383
8,black,2,159,f1d1,-4,0.8048734664916992
8,black,2,161,f3e3,-3,0.8039395809173584
8,black,2,163,e3f3,-5,0.8054754734039307
8,black,2,165,f3e3,-3,0.8038020133972168
8,black,2,167,d1d3,-4,0.8049366474151611
8,black,2,169,e3d4,-4,0.8038320541381836
8,black,2,171,d4e4,-4,0.8046948909759521
8,black,2,173,e4d4,-3,0.7612645626068115
8,black,2,175,d3d1,0,0.607698917388916
8,black,2,177,d4d5,0,0.4886057376861572
8,black,2,179,d5c5,0,0.6625015735626221
8,black,2,181,c5b5,0,0.30887460708618164
8,black,2,183,d1d7,0,0.247145414352417
8,black,2,185,b5c6,0,0.20988082885742188
8,black,2,187,c6b6,0,0.1169443130493164
8,black,2,189,d7d4,0,0.007315635681152344
8,black,2,191,d4d8,0,0.00913381576538086
9,black,2,1,d7d5,-7,0.7614896297454834
9,black,2,3,g8f6,20,0.7574155330657959
9,black,2,5,b8c6,18,0.7582850456237793
9,black,2,7,c8f5,12,0.7613494396209717
9,black,2,9,c6b8,-31,0.762183666229248
9,black,2,11,a7a6,24,0.76106858253479
9,black,2,13,b8a6,34,0.7593331336975098
9,black,2,15,a8a7,11,0.7595348358154297
9,black,2,17,c7c6,-17,0.760209321975708
9,black,2,19,e7e6,-67,0.7592201232910156
9,black,2,21,f5c2,-156,0.7584583759307861
9,black,2,23,f6e4,-266,0.7585885524749756
9,black,2,25,f8a3,-238,0.805438756942749
9,black,2,27,d5e4,-392,0.7585475444793701
9,black,2,29,a3b4,-457,0.7578191757202148
9,black,2,31,a6c5,-272,0.7597618103027344
9,black,2,33,a7a3,-262,0.758012056350708
9,black,2,35,c5a6,-146,0.7604110240936279
9,black,2,37,e8g8,-867,0.7590034008026123
9,black,2,39,d8a5,-418,0.7565755844116211
9,black,2,41,b4c3,-388,0.758333683013916
9,black,2,43,a6b4,-832,0.7571375370025635
9,black,2,45,a3c3,-1526,0.758629322052002
9,black,2,47,a5a3,-1220,0.8046445846557617
9,black,2,49,b4a2,-2126,0.7586584091186523
9,black,2,51,c3c2,0,0.8048150539398193
9,black,2,53,a2b4,-2122,0.7564980983734131
9,black,2,55,a3a1,-2073,0.8051867485046387
9,black,2,57,a1c3,-7,0.7573935985565186
9,black,2,59,c3d4,-3,0.8051950931549072
9,black,2,61,f8d8,-8,0.75494384765625
9,black,2,63,d4c3,-4,0.7546815872192383
9,black,2,65,d8d2,-1,0.7556009292602539
9,black,2,67,c3e3,0,0.557051420211792
9,black,2,69,d2f2,0,0.5004782676696777
9,black,2,71,f2f4,0,0.45728063583374023
9,black,2,73,f4e4,0,0.25784850120544434
9,black,2,75,e3h6,0,0.008662223815917969
10,black,2,1,e7e6,4,0.7592246532440186
10,black,2,3,d7d5,20,0.7589142322540283
10,black,2,5,d5d4,42,0.7605245113372803
10,black,2,7,d4d3,122,0.7565507888793945
10,black,2,9,d8h4,73,0.7629313468933105
10,black,2,11,c7c5,66,0.7598388195037842
10,black,2,13,c8d7,72,0.7600369453430176
10,black,2,15,g8h6,112,0.7598142623901367
10,black,2,17,h4d8,195,0.7590539455413818
10,black,2,19,f8e7,34,0.7587134838104248
10,black,2,21,h6f5,-70,0.759375810623169
10,black,2,23,e8g8,-79,0.7601263523101807
10,black,2,25,d7c6,-65,0.7609691619873047
10,black,2,27,b8d7,-41,0.7587151527404785
10,black,2,29,f5h4,-99,0.7604894638061523
10,black,2,31,h4g6,-143,0.7607011795043945
10,black,2,33,e7h4,-160,0.7602524757385254
10,black,2,35,c6e4,-220,0.7585620880126953
10,black,2,37,h7h5,-704,0.7600090503692627
10,black,2,39,e4f3,-711,0.7583515644073486
10,black,2,41,b7b6,-708,0.7570619583129883
10,black,2,43,h4e7,-722,0.7595458030700684
10,black,2,45,a7a5,-839,0.7627158164978027
10,black,2,47,h5h4,-793,0.7561585903167725
10,black,2,49,e7h4,-900,0.7559783458709717
10,black,2,51,g6e7,-813,0.7569832801818848
10,black,2,53,a8b8,-829,0.7565152645111084
10,black,2,55,f7f5,-933,0.7583849430084229
10,black,2,57,d7f6,-858,0.7590599060058594
10,black,2,59,f6h7,-1138,0.7582275867462158
10,black,2,61,h7f6,-828,0.7564451694488525
10,black,2,63,e7g6,-970,0.8048338890075684
10,black,2,65,f6d5,-1008,0.8038451671600342
10,black,2,67,d5f4,-1246,0.8053593635559082
10,black,2,69,d8d5,-938,0.7579026222229004
10,black,2,71,d5g5,-1123,0.7587509155273438
10,black,2,73,f8f4,-1806,0.8043596744537354
10,black,2,75,g5e5,-1150,0.7580127716064453
10,black,2,77,b8f8,-1392,0.8043551445007324
10,black,2,79,g6f4,-1590,0.8055016994476318
10,black,2,81,e5e4,-8,0.8065972328186035
10,black,2,83,f4d5,0,0.8045270442962646
10,black,2,85,d5e3,0,0.44827795028686523
10,black,2,87,e4f3,0,0.2578141689300537
10,black,2,89,e3g2,0,0.005823373794555664
11,black,2,1,e7e6,-30,0.7578639984130859
11,black,2,3,d7d5,96,0.762319803237915
11,black,2,5,d5d4,-13,0.7594454288482666
11,black,2,7,d4d3,122,0.8051846027374268
11,black,2,9,d8h4,151,0.7569031715393066
11,black,2,11,c7c5,86,0.7606494426727295
11,black,2,13,c8d7,73,0.7590358257293701
11,black,2,15,g8h6,-73,0.7612981796264648
11,black,2,17,h4d8,202,0.7592201232910156
11,black,2,19,f8e7,79,0.7608468532562256
11,black,2,21,e8g8,-147,0.7602431774139404
11,black,2,23,h6f5,-88,0.7569248676300049
11,black,2,25,b7b5,-60,0.7615892887115479
11,black,2,27,d7c6,-293,0.7583112716674805
11,black,2,29,e6f5,-110,0.7588953971862793
11,black,2,31,b5c4,-495,0.7603099346160889
11,black,2,33,d8a5,-135,0.759911060333252
11,black,2,35,a5c7,-559,0.7596077919006348
11,black,2,37,c7c8,0,0.7602322101593018
11,black,2,39,b8a6,3,0.7592763900756836
11,black,2,41,f8d8,14,0.7584357261657715
11,black,2,43,c6e4,14,0.7610411643981934
11,black,2,45,a8b8,-37,0.7584066390991211
11,black,2,47,b8b3,-32,0.7595851421356201
11,black,2,49,g7g5,286,0.7577762603759766
11,black,2,51,d8d5,270,0.7604336738586426
11,black,2,53,e4d5,261,0.757098913192749
11,black,2,55,c8e6,146,0.7598180770874023
11,black,2,57,f5f4,-63,0.7617795467376709
11,black,2,59,c5c4,-155,0.7574622631072998
11,black,2,61,f4f3,-205,0.7573239803314209
11,black,2,63,d5f3,156,0.760265588760376
11,black,2,65,a6c5,-3,0.7568161487579346
11,black,2,67,e6h3,-203,0.8054947853088379
11,black,2,69,b3b1,-14,0.755333423614502
11,black,2,71,h3f3,9,0.8059022426605225
11,black,2,73,e7f8,0,0.7564172744750977
11,black,2,75,c5e4,0,0.805088996887207
11,black,2,77,h7h5,0,0.7577826976776123
11,black,2,79,g8h7,-71,3.7511656284332275
11,black,2,81,h5h4,-1041,0.804354190826416
11,black,2,83,h4h3,0,0.7575109004974365
11,black,2,85,h7h8,0,0.7568478584289551
11,black,2,87,e4c3,0,0.05785870552062988
11,black,2,89,f3g2,0,0.05689406394958496
12,black,2,1,e7e6,15,0.7565822601318359
12,black,2,3,d7d5,1,0.7592244148254395
12,black,2,5,d5d4,-47,0.7605633735656738
12,black,2,7,d4d3,177,0.7587487697601318
12,black,2,9,d8h4,91,0.7604084014892578
12,black,2,11,c7c5,107,0.7588002681732178
12,black,2,13,c8d7,70,0.7591791152954102
12,black,2,15,g8h6,75,0.7579836845397949
12,black,2,17,h4d8,202,0.7560245990753174
12,black,2,19,f8e7,-20,0.7596287727355957
12,black,2,21,h6f5,-20,0.7608270645141602
12,black,2,23,d8a5,28,0.757800817489624
12,black,2,25,c5b4,12,0.7608671188354492
12,black,2,27,a5d8,85,0.7575423717498779
12,black,2,29,e7d6,71,0.7581515312194824
12,black,2,31,d7c6,31,0.7562949657440186
12,black,2,33,e8g8,-1,0.7583365440368652
12,black,2,35,d8f6,-77,0.7608308792114258
12,black,2,37,b8d7,0,0.7603964805603027
12,black,2,39,e6e5,-75,0.7622294425964355
12,black,2,41,f6e6,-215,0.7611327171325684
12,black,2,43,d7c5,-184,0.7585690021514893
12,black,2,45,f5d6,-97,0.7605185508728027
12,black,2,47,e6d6,-96,0.7571010589599609
12,black,2,49,h7h6,-220,0.7581875324249268
12,black,2,51,f8d8,-168,0.760026216506958
12,black,2,53,d6a3,-661,0.7610819339752197
12,black,2,55,a3b2,-933,0.7557873725891113
12,black,2,57,b2d2,-971,0.8051307201385498
12,black,2,59,a8c8,-966,0.7581195831298828
12,black,2,61,d2e3,-1066,0.8040182590484619
12,black,2,63,c6e8,-1116,0.8047130107879639
12,black,2,65,d8d2,-5989,0.8050463199615479
12,black,2,67,b7b5,-1037,0.8052749633789062
12,black,2,69,a7a5,-1064,0.7558321952819824
12,black,2,71,c8d8,-1223,0.8053600788116455
12,black,2,73,g8h8,-1083,0.75657057762146
12,black,2,75,d8c8,-1223,0.7566866874694824
12,black,2,77,c8b8,-956,0.8049352169036865
12,black,2,79,d2a2,-1464,0.8050141334533691
12,black,2,81,a2a3,-1086,0.8037855625152588
12,black,2,83,b5b4,-1285,0.7554342746734619
12,black,2,85,f7f5,-2469,0.8053948879241943
12,black,2,87,b4b3,-6,0.7561008930206299
12,black,2,89,b8b7,-2,0.7569823265075684
12,black,2,91,b7e7,-2,0.7562432289123535
12,black,2,93,b3b2,0,0.7123069763183594
12,black,2,95,e7c7,0,0.5143039226531982
12,black,2,97,b2b1q,0,0.42175745964050293
12,black,2,99,b1f5,0,0.2612781524658203
12,black,2,101,c7c2,0,0.1381230354309082
12,black,2,103,f5g5,0,0.01934981346130371
12,black,2,105,a3f3,0,0.018649578094482422
12,black,2,107,g5g2,0,0.010383367538452148
13,black,2,1,e7e6,0,0.7572264671325684
13,black,2,3,d7d5,-6,0.76171875
13,black,2,5,d5d4,-35,0.7573692798614502
13,black,2,7,d4d3,14,0.7622942924499512
13,black,2,9,d8h4,109,0.7602925300598145
13,black,2,11,c7c5,83,0.761998176574707
13,black,2,13,c8d7,80,0.7607259750366211
13,black,2,15,g8h6,50,0.7608258724212646
13,black,2,17,h4d8,150,0.760699987411499
13,black,2,19,f8e7,93,0.7580571174621582
13,black,2,21,e8g8,-44,0.7591795921325684
13,black,2,23,h6f5,0,0.7592589855194092
13,black,2,25,b7b5,-47,0.759544849395752
13,black,2,27,d7c6,-305,0.7630975246429443
13,black,2,29,e6f5,-232,0.762028694152832
13,black,2,31,b5c4,-93,0.7591037750244141
13,black,2,33,d8a5,-25,0.7590727806091309
13,black,2,35,a5c7,-187,0.7596831321716309
13,black,2,37,c7c8,-78,0.7581562995910645
13,black,2,39,b8a6,24,0.75766921043396
13,black,2,41,f8d8,36,0.757655143737793
13,black,2,43,a8b8,-32,0.7568609714508057
13,black,2,45,c8e6,-151,0.7585358619689941
13,black,2,47,f7e6,-107,0.7573609352111816
13,black,2,49,e7d6,-128,0.7591519355773926
13,black,2,51,d8d6,-153,0.7578051090240479
13,black,2,53,b8d8,-125,0.7601265907287598
13,black,2,55,d6d3,-344,0.7581608295440674
13,black,2,57,d8d3,-265,0.8045635223388672
13,black,2,59,d3d4,-333,0.7558548450469971
13,black,2,61,c6a4,-349,0.7559807300567627
13,black,2,63,g8f7,-340,0.7555856704711914
13,black,2,65,d4d7,-385,0.7600383758544922
13,black,2,67,f7f6,-430,0.7588531970977783
13,black,2,69,a4c6,-390,0.7583141326904297
13,black,2,71,d7d4,-470,0.7592525482177734
13,black,2,73,g7g6,-456,0.7575976848602295
13,black,2,75,h7h6,-379,0.7578637599945068
13,black,2,77,e6e5,-356,0.7568345069885254
13,black,2,79,e5e4,-776,0.7557055950164795
13,black,2,81,c6a4,-625,0.7591168880462646
13,black,2,83,d4d3,-741,0.7572247982025146
13,black,2,85,a4b3,-704,0.757237434387207
13,black,2,87,d3d4,-1016,0.8048503398895264
13,black,2,89,b3c4,-658,0.7568039894104004
13,black,2,91,f5e4,-970,0.7559609413146973
13,black,2,93,c4b3,-984,0.8046665191650391
13,black,2,95,c5d4,-1061,0.8054141998291016
13,black,2,97,f6e5,-5,0.8042142391204834
13,black,2,99,a6b8,-1309,0.7563374042510986
13,black,2,101,b3d5,-1715,0.805647611618042
13,black,2,103,b8c6,-1624,0.8049468994140625
13,black,2,105,e5e6,-1746,0.8039600849151611
13,black,2,107,c6e7,-9,0.8050010204315186
13,black,2,109,e6d6,-1682,0.804581880569458
13,black,2,111,d6e5,-3,0.8050088882446289
13,black,2,113,d5c4,-3,0.8057451248168945
13,black,2,115,e7d5,-6,0.7560346126556396
13,black,2,117,e5f5,-6,0.7559278011322021
13,black,2,119,e4e3,-3,0.8050544261932373
13,black,2,121,f5g4,-4,0.805027961730957
13,black,2,123,d5f4,-5,0.7605020999908447
13,black,2,125,c4e2,-8,0.8056035041809082
13,black,2,127,d4d3,-4881,0.8045053482055664
13,black,2,129,e2f3,-1608,0.8059296607971191
13,black,2,131,d3d2,-1610,0.7575902938842773
13,black,2,133,f4e6,-4923,0.8037292957305908
13,black,2,135,g4h4,-4923,0.8056066036224365
13,black,2,137,h4h5,-9,0.8039751052856445
13,black,2,139,e6g7,-6457,0.8055925369262695
13,black,2,141,g7e8,-4937,0.804375171661377
13,black,2,143,h5g6,-1119,0.7612948417663574
13,black,2,145,g6g5,-3,0.8051228523254395
13,black,2,147,e8c7,-5,0.7578048706054688
13,black,2,149,c7b5,-4,0.8057711124420166
13,black,2,151,g5h4,-4947,0.8048713207244873
13,black,2,153,f3e4,-3,0.8040969371795654
13,black,2,155,b5a7,-2,0.7613668441772461
13,black,2,157,h4g5,-5,0.7557432651519775
13,black,2,159,e3e2,0,0.5855681896209717
13,black,2,161,g5f4,0,0.3968486785888672
13,black,2,163,d2d1q,0,0.40096378326416016
13,black,2,165,d1d4,0,0.2829020023345947
13,black,2,167,d4c5,0,0.2684803009033203
13,black,2,169,c5e7,0,0.27373504638671875
13,black,2,171,e7b4,0,0.01663947105407715
13,black,2,173,e4d5,0,0.02452993392944336
13,black,2,175,e2e1q,0,0.0048563480377197266
14,black,2,1,e7e6,-59,0.758073091506958
14,black,2,3,d7d5,68,0.7620766162872314
14,black,2,5,d5d4,4,0.7590343952178955
14,black,2,7,d4d3,144,0.7607636451721191
14,black,2,9,b8c6,162,0.7588846683502197
14,black,2,11,h7h5,182,0.7623634338378906
14,black,2,13,f8e7,142,0.756908655166626
14,black,2,15,b7b6,113,0.8038933277130127
14,black,2,17,c6e5,150,0.7590539455413818
14,black,2,19,e5d7,-6,0.7613959312438965
14,black,2,21,a8b8,18,0.7621445655822754
14,black,2,23,g8f6,-152,0.7601556777954102
14,black,2,25,c8b7,-131,0.7612950801849365
14,black,2,27,e7d6,-144,0.7604782581329346
14,black,2,29,c7c5,-53,0.7598516941070557
14,black,2,31,c5d4,-141,0.7597720623016357
14,black,2,33,d8d7,-64,0.7597472667694092
14,black,2,35,d6c5,-84,0.7588889598846436
14,black,2,37,b8d8,-111,0.7600791454315186
14,black,2,39,c5d4,-5,0.7618589401245117
14,black,2,41,d7c6,-49,0.7580657005310059
14,black,2,43,e8g8,0,0.7567250728607178
14,black,2,45,e6e5,-287,0.7567992210388184
14,black,2,47,f6g4,-396,0.7580487728118896
14,black,2,49,d8d3,-485,0.7595517635345459
14,black,2,51,b7a6,-402,0.7562224864959717
14,black,2,53,a6e2,-428,0.7578673362731934
14,black,2,55,g4e5,-412,0.7562940120697021
14,black,2,57,e2f1,-428,0.757209300994873
14,black,2,59,e5d3,-412,0.7585694789886475
14,black,2,61,f8e8,-420,0.8060283660888672
14,black,2,63,e8e1,-439,0.804875373840332
14,black,2,65,d3b2,-531,0.8042283058166504
14,black,2,67,b2d1,-673,0.8048365116119385
14,black,2,69,g7g6,-400,0.7570173740386963
14,black,2,71,e1e2,-569,0.7568104267120361
14,black,2,73,g8h7,-638,0.75583815574646
14,black,2,75,b6a5,-572,0.8057363033294678
14,black,2,77,h7g7,-723,0.7569873332977295
14,black,2,79,d1e3,-632,0.7559640407562256
14,black,2,81,e2g2,-791,0.7567367553710938
14,black,2,83,g2c2,-842,0.8043923377990723
14,black,2,85,e3f1,0,0.8057761192321777
14,black,2,87,c2a2,0,0.7562375068664551
14,black,2,89,a2h2,0,0.05678963661193848
15,black,2,1,d7d5,-59,0.7613821029663086
15,black,2,3,e7e6,22,0.7593510150909424
15,black,2,5,c7c5,-48,0.760718584060669
15,black,2,7,f8c5,-12,0.7591891288757324
15,black,2,9,g8f6,22,0.7597243785858154
15,black,2,11,c5f8,-81,0.758256196975708
15,black,2,13,e6e5,104,0.7573947906494141
15,black,2,15,b8c6,41,0.7593936920166016
15,black,2,17,c6a5,172,0.760298490524292
15,black,2,19,c8e6,162,0.7605345249176025
15,black,2,21,e6d5,115,0.7614748477935791
15,black,2,23,b7b6,73,0.7602994441986084
15,black,2,25,f6d7,90,0.7613282203674316
15,black,2,27,h7h6,197,0.7597737312316895
15,black,2,29,d8e7,154,0.760420560836792
15,black,2,31,a8d8,277,0.7597939968109131
15,black,2,33,e7e6,439,0.7593438625335693
15,black,2,35,e8d8,521,0.7587201595306396
15,black,2,37,f7f5,403,0.7633113861083984
15,black,2,39,f5e4,400,0.7580270767211914
15,black,2,41,e6e8,401,0.7604005336761475
15,black,2,43,d5c4,149,0.7627713680267334
15,black,2,45,h6h5,832,0.7586534023284912
15,black,2,47,e8f7,11,0.8053739070892334
15,black,2,49,d8e8,0,0.6355891227722168
15,black,2,51,e8e7,0,0.6073355674743652
15,black,2,53,a7a6,0,0.4145803451538086
15,black,2,55,h8h7,0,0.6159584522247314
15,black,2,57,a5c6,0,0.20896124839782715
15,black,2,59,g7g6,0,0.027756929397583008
15,black,2,61,e7e6,0,3.751312494277954
16,black,2,1,e7e6,-45,0.7625548839569092
16,black,2,3,d7d5,17,0.7585434913635254
16,black,2,5,d5d4,22,0.7571077346801758
16,black,2,7,d4d3,157,0.757922887802124
16,black,2,9,b8c6,154,0.7600729465484619
16,black,2,11,h7h5,218,0.7590181827545166
16,black,2,13,f8e7,120,0.7586731910705566
16,black,2,15,b7b6,85,0.7608616352081299
16,black,2,17,c6e5,139,0.7617697715759277
16,black,2,19,e5c6,-4,0.7604823112487793
16,black,2,21,g8f6,-200,0.7636318206787109
16,black,2,23,d8d6,104,0.759467363357544
16,black,2,25,e6e5,187,0.7610311508178711
16,black,2,27,c8g4,89,0.7587358951568604
16,black,2,29,g4f3,108,0.7569046020507812
16,black,2,31,e7d6,-104,0.8043529987335205
16,black,2,33,c6a5,119,0.759718656539917
16,black,2,35,f6d5,-193,0.8039648532867432
16,black,2,37,g7g6,-117,0.7583062648773193
16,black,2,39,d5f4,-184,0.7590491771697998
16,black,2,41,f4g2,-123,0.7573065757751465
16,black,2,43,a7a6,-9,0.7611548900604248
16,black,2,45,a8a7,87,0.7590546607971191
16,black,2,47,c7c6,67,0.7602574825286865
16,black,2,49,e5f4,36,0.7590878009796143
16,black,2,51,e8f8,16,0.7572882175445557
16,black,2,53,d6a3,-160,0.7574410438537598
16,black,2,55,a7e7,-11,0.7602660655975342
16,black,2,57,b6b5,48,0.7591736316680908
16,black,2,59,f8g7,0,0.7570488452911377
16,black,2,61,h8c8,0,0.7558138370513916
16,black,2,63,a3e7,0,0.8054506778717041
16,black,2,65,f7f6,-112,0.7589986324310303
16,black,2,67,a5c6,-56,0.7578954696655273
16,black,2,69,e7d6,-83,0.8055236339569092
16,black,2,71,c8c6,-147,0.7577462196350098
16,black,2,73,d6h2,-191,0.8044731616973877
16,black,2,75,h2d6,-243,0.8050594329833984
16,black,2,77,c6c5,-362,0.8054108619689941
16,black,2,79,f6f5,-554,0.8043522834777832
16,black,2,81,a6a5,-253,0.7562735080718994
16,black,2,83,d6f4,-333,0.756305456161499
16,black,2,85,f4g5,-180,0.8052597045898438
16,black,2,87,c5e5,-145,0.756519079208374
16,black,2,89,e5d5,-174,0.7573134899139404
16,black,2,91,g5e7,-317,0.8060903549194336
16,black,2,93,b5b4,-212,0.8046958446502686
16,black,2,95,e7h4,-390,0.7577853202819824
16,black,2,97,g7h7,-335,0.7565557956695557
16,black,2,99,d5d6,-139,0.7565038204193115
16,black,2,101,h7g7,-346,0.8055484294891357
16,black,2,103,h4g3,-252,0.8055205345153809
16,black,2,105,g3f4,-930,0.8059933185577393
16,black,2,107,g6g5,-99,0.7591423988342285
16,black,2,109,g5g4,-572,0.8056745529174805
16,black,2,111,f4d6,-1684,0.8038601875305176
16,black,2,113,g7f6,-1611,0.7592360973358154
16,black,2,115,d6c5,-1362,0.7575933933258057
16,black,2,117,h5h4,-1405,0.805635929107666
16,black,2,119,c5d4,14,0.8053686618804932
16,black,2,121,g4g3,8,0.805366039276123
16,black,2,123,h4h3,11,0.8042392730712891
16,black,2,125,f6e5,6,0.805323600769043
16,black,2,127,e5e6,6,0.8054134845733643
16,black,2,129,f5f4,3,0.8039934635162354
16,black,2,131,f4f3,3,0.8053390979766846
16,black,2,133,e6e7,0,0.7074017524719238
16,black,2,135,e7f7,0,0.597233772277832
16,black,2,137,f7f6,0,0.43480610847473145
16,black,2,139,f6e7,0,0.21430611610412598
16,black,2,141,e7f8,0,0.05539441108703613
16,black,2,143,f8e8,0,3.7509286403656006
16,black,2,145,e8d8,0,0.007217884063720703
17,black,2,1,e7e6,13,0.7590217590332031
17,black,2,3,d7d5,50,0.7594418525695801
17,black,2,5,d5d4,-9,0.7599968910217285
17,black,2,7,d4d3,25,0.7577822208404541
17,black,2,9,d8h4,102,0.8058633804321289
17,black,2,11,c7c5,112,0.7590017318725586
17,black,2,13,c8d7,104,0.757206916809082
17,black,2,15,g8h6,158,0.7585711479187012
17,black,2,17,h4d8,188,0.757148265838623
17,black,2,19,f8e7,32,0.7588553428649902
17,black,2,21,e8g8,0,0.7586569786071777
17,black,2,23,d7c6,-177,0.7576253414154053
17,black,2,25,b8d7,-227,0.7601721286773682
17,black,2,27,b7b5,33,0.7588551044464111
17,black,2,29,c5c4,-238,0.7590200901031494
17,black,2,31,d7b6,-169,0.760329008102417
17,black,2,33,b6a4,52,0.7574596405029297
17,black,2,35,e7d6,-170,0.7578370571136475
17,black,2,37,b5a4,-31,0.8054473400115967
17,black,2,39,d8d6,-431,0.7570881843566895
17,black,2,41,a8d8,-255,0.8038945198059082
17,black,2,43,d6c7,-206,0.7593815326690674
17,black,2,45,c6e8,12,0.7581589221954346
17,black,2,47,d8d5,-296,0.8045024871826172
17,black,2,49,a4a3,111,0.759312629699707
17,black,2,51,h6f5,50,0.7565569877624512
17,black,2,53,f5d6,272,0.7567434310913086
17,black,2,55,d6b5,139,0.7581503391265869
17,black,2,57,g8f8,225,0.7566428184509277
17,black,2,59,c7c6,142,0.8050215244293213
17,black,2,61,b5c3,153,0.8051438331604004
17,black,2,63,c3e2,56,0.7558326721191406
17,black,2,65,d5g5,1,0.7597579956054688
17,black,2,67,a7a5,56,0.8056929111480713
17,black,2,69,g5c5,55,0.7567353248596191
17,black,2,71,c6d5,53,0.7570216655731201
17,black,2,73,d5c6,56,0.7571675777435303
17,black,2,75,a5a4,0,0.8048865795135498
17,black,2,77,c6c7,37,0.7558267116546631
17,black,2,79,h7h6,-13,0.7558417320251465
17,black,2,81,c5d5,200,0.804546594619751
17,black,2,83,e6d5,162,0.8040223121643066
17,black,2,85,f7f6,141,0.8040523529052734
17,black,2,87,a4a3,258,0.7557415962219238
17,black,2,89,c7c6,280,0.804008960723877
17,black,2,91,f8g8,222,0.7560436725616455
17,black,2,93,e8h5,271,0.8053414821624756
17,black,2,95,c6c1,262,0.8053932189941406
17,black,2,97,c1c6,296,0.8056650161743164
17,black,2,99,g8h8,3,0.7558774948120117
17,black,2,101,c6e4,14,0.7546224594116211
17,black,2,103,h5g6,290,0.8049652576446533
17,black,2,105,g6f5,0,0.7559401988983154
17,black,2,107,f5g4,0,0.7570977210998535
17,black,2,109,g4f5,557,0.8052630424499512
17,black,2,111,h8g7,4,0.8058521747589111
17,black,2,113,h6h5,0,0.6225905418395996
17,black,2,115,g7f7,0,0.10730242729187012
17,black,2,117,f7e6,3,0.8011760711669922
17,black,2,119,e6d5,0,0.7517666816711426
17,black,2,121,d5d4,0,0.4406003952026367
17,black,2,123,d4d3,0,0.429840087890625
17,black,2,125,d3e2,0,0.3818638324737549
17,black,2,127,e2e1,0,0.09578919410705566
17,black,2,129,e1d1,0,0.01003718376159668
17,black,2,131,d1e1,0,3.751192569732666
18,black,2,1,d7d5,-9,0.7577910423278809
18,black,2,3,c7c6,37,0.7583661079406738
18,black,2,5,b8d7,-113,0.7608089447021484
18,black,2,7,g8f6,-1,0.7601008415222168
18,black,2,9,e7e6,-25,0.7599191665649414
18,black,2,11,f8e7,44,0.7615852355957031
18,black,2,13,e8g8,60,0.7607471942901611
18,black,2,15,c6c5,24,0.7572581768035889
18,black,2,17,d5e4,22,0.7597904205322266
18,black,2,19,c5d4,-58,0.7622709274291992
18,black,2,21,e7f6,0,0.7607495784759521
18,black,2,23,d7b6,0,0.7595005035400391
18,black,2,25,c8d7,15,0.7611398696899414
18,black,2,27,g7g6,-21,0.7579813003540039
18,black,2,29,f8e8,-95,0.7598080635070801
18,black,2,31,d7a4,-72,0.7570254802703857
18,black,2,33,b6c4,-110,0.7583198547363281
18,black,2,35,a8b8,-291,0.7566485404968262
18,black,2,37,b8b2,-270,0.7563071250915527
18,black,2,39,c4d2,-333,0.7605319023132324
18,black,2,41,f6d4,-229,0.7585964202880859
18,black,2,43,a4c2,-792,0.7580351829528809
18,black,2,45,c2b1,-699,0.75850510597229
18,black,2,47,b2b1,-728,0.8041079044342041
18,black,2,49,d8b6,-935,0.8040802478790283
18,black,2,51,e8c8,-740,0.8055992126464844
18,black,2,53,b6c7,-816,0.7588083744049072
18,black,2,55,c8d8,-892,0.8045699596405029
18,black,2,57,c7d6,-773,0.8038032054901123
18,black,2,59,d6d4,-719,0.8054916858673096
18,black,2,61,d8c8,-729,0.805485725402832
18,black,2,63,a7a5,-893,0.8053567409515381
18,black,2,65,d4b4,-959,0.8041808605194092
18,black,2,67,c8c3,-876,0.8047735691070557
18,black,2,69,b4f4,-971,0.7558937072753906
18,black,2,71,g8g7,-1474,0.8054218292236328
18,black,2,73,g7f6,-958,0.8038749694824219
18,black,2,75,f6f5,-2076,0.8056943416595459
18,black,2,77,c3c6,-873,0.8054850101470947
18,black,2,79,c6c5,-739,0.8045821189880371
18,black,2,81,h7h6,-823,0.805718183517456
18,black,2,83,c5d5,-819,0.7558269500732422
18,black,2,85,d5d2,-925,0.8058631420135498
18,black,2,87,f7f6,-833,0.8055362701416016
18,black,2,89,g6g5,-726,0.8041479587554932
18,black,2,91,f6g5,-917,0.8051633834838867
18,black,2,93,h6g5,-5651,0.8040201663970947
18,black,2,95,f5e5,-885,0.8053147792816162
18,black,2,97,e5d6,-1266,0.8057968616485596
18,black,2,99,a5a4,-1802,0.7559642791748047
18,black,2,101,g5f4,-22,0.7553582191467285
18,black,2,103,e6e5,-17,0.8056113719940186
18,black,2,105,d2a2,-9,0.8054561614990234
18,black,2,107,a2a3,-7,0.8059251308441162
18,black,2,109,e5e4,-7,0.8056836128234863
18,black,2,111,a3c3,-5,0.8055660724639893
18,black,2,113,c3c8,-3,0.8054320812225342
18,black,2,115,c8c7,-4,0.8039131164550781
18,black,2,117,d6d5,-7,0.7554910182952881
18,black,2,119,c7b7,-5,0.8055720329284668
18,black,2,121,b7c7,-3,0.8038167953491211
18,black,2,123,c7c4,-2,0.7606549263000488
18,black,2,125,d5d4,-2,0.8055715560913086
18,black,2,127,f4f3,-4,0.8041653633117676
18,black,2,129,d4c4,-3,0.8052177429199219
18,black,2,131,f3f2,-4,0.8052911758422852
18,black,2,133,f2f1q,-5,0.8051843643188477
18,black,2,135,c4d3,-4,0.8053474426269531
18,black,2,137,d3e3,-2,0.8050036430358887
18,black,2,139,e3f2,-5,0.7558937072753906
18,black,2,141,e4e3,-2,0.7630653381347656
18,black,2,143,f2e1,-1,0.7559704780578613
18,black,2,145,e1f2,-4,0.755368709564209
18,black,2,147,e3e2,0,0.7387433052062988
18,black,2,149,e2e1r,-7,0.7557823657989502
18,black,2,151,f2e3,-4,0.8049721717834473
18,black,2,153,e1d1,-4,0.8050093650817871
18,black,2,155,d1d2,-4,0.80523681640625
18,black,2,157,e3d4,-3,0.8032169342041016
18,black,2,159,d2e2,-3,0.8050224781036377
18,black,2,161,d4e4,-3,0.7747225761413574
18,black,2,163,e2e1,-3,0.773643970489502
18,black,2,165,e1c1,-4,0.804560661315918
18,black,2,167,c1a1,-4,0.8048012256622314
18,black,2,169,a1c1,-3,0.7724184989929199
18,black,2,171,c1d1,-2,0.7817649841308594
18,black,2,173,d1a1,-3,0.7551243305206299
18,black,2,175,a1a6,0,0.6995031833648682
18,black,2,177,e4e5,0,0.7039310932159424
18,black,2,179,e5d5,0,0.4167759418487549
18,black,2,181,a6c6,0,0.6408450603485107
18,black,2,183,d5d6,0,0.1977229118347168
18,black,2,185,d6d7,0,0.2757127285003662
18,black,2,187,c6c7,0,0.027823209762573242
18,black,2,189,d7c6,0,0.10605883598327637
18,black,2,191,c6b6,0,0.02724909782409668
18,black,2,193,c7c8,0,0.009178876876831055
19,black,2,1,e7e6,60,0.7577025890350342
19,black,2,3,d7d5,-33,0.7597746849060059
19,black,2,5,d5d4,-29,0.7603838443756104
19,black,2,7,d4d3,110,0.7617275714874268
19,black,2,9,d8h4,149,0.7584693431854248
19,black,2,11,c7c5,89,0.7576801776885986
19,black,2,13,c8d7,-3,0.760199785232544
19,black,2,15,g8h6,14,0.7621967792510986
19,black,2,17,h4d8,194,0.7574517726898193
19,black,2,19,f8e7,14,0.76025390625
19,black,2,21,h6f5,-128,0.7599086761474609
19,black,2,23,e8g8,-20,0.7601318359375
19,black,2,25,d7c6,-167,0.7608952522277832
19,black,2,27,b7b5,-296,0.7604539394378662
19,black,2,29,f5h6,-161,0.7607519626617432
19,black,2,31,h6f5,-111,0.7600562572479248
19,black,2,33,e6f5,-481,0.761389970779419
19,black,2,35,c5c4,-136,0.761958122253418
19,black,2,37,b5c4,-150,0.8061673641204834
19,black,2,39,d8c7,-50,0.7587659358978271
19,black,2,41,c7e5,-98,0.7616047859191895
19,black,2,43,e7d6,-4,0.7580313682556152
19,black,2,45,e5e4,-336,0.7585873603820801
19,black,2,47,e4b1,-524,0.7568888664245605
19,black,2,49,c6b7,-585,0.7566275596618652
19,black,2,51,b1b6,-617,0.7601184844970703
19,black,2,53,b6d6,-739,0.7581307888031006
19,black,2,55,b7a6,-738,0.7570803165435791
19,black,2,57,d6e5,-738,0.7558748722076416
19,black,2,59,f8e8,-740,0.757218599319458
19,black,2,61,e5f4,-848,0.7563016414642334
19,black,2,63,b8a6,-854,0.8044142723083496
19,black,2,65,f4d2,-859,0.7580409049987793
19,black,2,67,d2c3,-878,0.7559573650360107
19,black,2,69,a8d8,-864,0.7566916942596436
19,black,2,71,c3c7,-849,0.8050332069396973
19,black,2,73,d8d6,-908,0.8043334484100342
19,black,2,75,c7a5,-885,0.8048584461212158
19,black,2,77,g7g6,-866,0.8044569492340088
19,black,2,79,e8e5,-868,0.7574875354766846
19,black,2,81,e5d5,-1474,0.8049991130828857
19,black,2,83,a5d5,-5785,0.8045191764831543
19,black,2,85,d6d5,-5789,0.8037588596343994
19,black,2,87,g8g7,-5909,0.804391622543335
19,black,2,89,d5c5,-6905,0.8047783374786377
19,black,2,91,g7f6,-9,0.8049638271331787
19,black,2,93,c5c4,-8,0.8039901256561279
19,black,2,95,f6g5,-13,0.8041040897369385
19,black,2,97,c4a4,-5,0.8046598434448242
19,black,2,99,g5f4,-6,0.8044314384460449
19,black,2,101,a4a2,-8,0.8042521476745605
19,black,2,103,h7h6,-6,0.8042495250701904
19,black,2,105,a2a3,-9,0.8047244548797607
19,black,2,107,a3f3,-6,0.8039195537567139
19,black,2,109,h6g5,-3,0.8042078018188477
19,black,2,111,f4g5,-3,0.8049945831298828
19,black,2,113,g5f4,-2,0.7617392539978027
19,black,2,115,f4e3,-2,0.8044960498809814
19,black,2,117,f3f5,-2,0.7886285781860352
19,black,2,119,e3d4,0,0.7164673805236816
19,black,2,121,f5a5,-1,0.7569990158081055
19,black,2,123,d4e5,0,0.6755490303039551
19,black,2,125,a5c5,0,0.7007732391357422
19,black,2,127,a7a5,0,0.4667356014251709
19,black,2,129,e5d6,0,0.418609619140625
19,black,2,131,g6g5,0,0.3634483814239502
19,black,2,133,c5c6,0,0.3529927730560303
19,black,2,135,c6c7,0,0.06593680381774902
19,black,2,137,d6c6,0,0.12056827545166016
19,black,2,139,c6b6,0,0.03400707244873047
19,black,2,141,c7c8,0,0.011956214904785156
20,black,2,1,d7d5,20,0.7596344947814941
20,black,2,3,g8f6,-27,0.7605161666870117
20,black,2,5,b8c6,24,0.7579929828643799
20,black,2,7,a7a6,-23,0.7599964141845703
20,black,2,9,e7e6,-13,0.7587964534759521
20,black,2,11,h7h6,-79,0.7658658027648926
20,black,2,13,a6a5,78,0.7576868534088135
20,black,2,15,c6b8,85,0.7597692012786865
20,black,2,17,b8d7,145,0.7604057788848877
20,black,2,19,b7b6,158,0.7609856128692627
20,black,2,21,c8b7,87,0.7600367069244385
20,black,2,23,f6e4,122,0.7580368518829346
20,black,2,25,e6d5,84,0.7566988468170166
20,black,2,27,a5a4,76,0.7580680847167969
20,black,2,29,a8c8,316,0.7576606273651123
20,black,2,31,d5e4,326,0.757871150970459
20,black,2,33,b7e4,363,0.7594766616821289
20,black,2,35,f8e7,447,0.7592887878417969
20,black,2,37,e8g8,236,0.7583558559417725
20,black,2,39,e7f6,395,0.7578935623168945
20,black,2,41,g7g5,499,0.7577524185180664
20,black,2,43,d8e8,400,0.8051519393920898
20,black,2,45,g8h8,484,0.758580207824707
20,black,2,47,c8a8,636,0.7588295936584473
20,black,2,49,h8g8,520,0.7574388980865479
20,black,2,51,f6d8,591,0.7587106227874756
20,black,2,53,d7b8,371,0.7583582401275635
20,black,2,55,b8c6,412,0.7583720684051514
20,black,2,57,d8f6,411,0.7561149597167969
20,black,2,59,h6h5,651,0.7576022148132324
20,black,2,61,e8d7,542,0.7580513954162598
20,black,2,63,a8c8,663,0.7598118782043457
20,black,2,65,f8d8,901,0.7599270343780518
20,black,2,67,h5h4,510,0.75734543800354
20,black,2,69,g5g4,864,0.7561037540435791
20,black,2,71,g4h3,782,0.8050425052642822
20,black,2,73,d7d5,864,0.8042988777160645
20,black,2,75,h3h2,910,0.7570419311523438
20,black,2,77,d5d8,1254,0.8046674728393555
20,black,2,79,f6g7,5,0.7559676170349121
20,black,2,81,c8b8,25,0.8044445514678955
20,black,2,83,f7f6,5,0.8052151203155518
20,black,2,85,b8b7,11,0.8044419288635254
20,black,2,87,g7h6,0,0.8047950267791748
20,black,2,89,d8e7,0,0.11056828498840332
20,black,2,91,h4h3,0,0.007131814956665039
21,black,2,1,e7e5,-69,0.7593774795532227
21,black,2,3,e5d4,-82,0.7615995407104492
21,black,2,5,d7d6,32,0.7598159313201904
21,black,2,7,g8f6,22,0.7592248916625977
21,black,2,9,h7h6,39,0.7597792148590088
21,black,2,11,d6d5,22,0.7576625347137451
21,black,2,13,c7c6,1,0.7615303993225098
21,black,2,15,c8e6,27,0.759124755859375
21,black,2,17,b8d7,37,0.7601161003112793
21,black,2,19,g7g5,41,0.7603421211242676
21,black,2,21,f8e7,-20,0.7613527774810791
21,black,2,23,h6h5,71,0.7580478191375732
21,black,2,25,f6e4,124,0.7586429119110107
21,black,2,27,e4c3,-136,0.7642419338226318
21,black,2,29,h8g8,88,0.7603707313537598
21,black,2,31,d7f6,0,0.7616677284240723
21,black,2,33,d8b6,-157,0.7609963417053223
21,black,2,35,f6e4,-214,0.8044724464416504
21,black,2,37,e7g5,-278,0.7592298984527588
21,black,2,39,a7b6,-145,0.7582969665527344
21,black,2,41,g5e3,-239,0.8037919998168945
21,black,2,43,e4f2,-301,0.758634090423584
21,black,2,45,e3f4,-276,0.7555203437805176
21,black,2,47,f4d6,-298,0.7581841945648193
21,black,2,49,a8a3,-375,0.8044304847717285
21,black,2,51,d6a3,-358,0.7584125995635986
21,black,2,53,a3d6,-403,0.7556512355804443
21,black,2,55,e8d7,-403,0.7562613487243652
21,black,2,57,g8a8,-303,0.8040065765380859
21,black,2,59,a8a2,-386,0.7572753429412842
21,black,2,61,d7e7,-337,0.7560560703277588
21,black,2,63,b6b5,-404,0.7552402019500732
21,black,2,65,b7b6,-477,0.7573683261871338
21,black,2,67,a2g2,-712,0.8040378093719482
21,black,2,69,g2a2,-539,0.8052301406860352
21,black,2,71,e6d7,-357,0.757885217666626
21,black,2,73,a2a3,-628,0.7615647315979004
21,black,2,75,a3a8,-362,0.7577073574066162
21,black,2,77,a8a2,-471,0.8039369583129883
21,black,2,79,b5b4,-492,0.8045082092285156
21,black,2,81,d6e5,-381,0.7560098171234131
21,black,2,83,a2b2,-356,0.7577981948852539
21,black,2,85,b2b5,-732,0.756432056427002
21,black,2,87,b5b1,-512,0.7580235004425049
21,black,2,89,d7e6,-541,0.7552285194396973
21,black,2,91,b6b5,-837,0.8048057556152344
21,black,2,93,b1g1,-572,0.7577791213989258
21,black,2,95,g1g2,-670,0.756314754486084
21,black,2,97,e7e8,-387,0.8047924041748047
21,black,2,99,g2g4,-721,0.7555432319641113
21,black,2,101,b5b4,-708,0.7559504508972168
21,black,2,103,g4g2,-556,0.7557928562164307
21,black,2,105,g2g1,-690,0.8042516708374023
21,black,2,107,g1g2,-585,0.8047630786895752
21,black,2,109,b4b3,-597,0.8051848411560059
21,black,2,111,b3b2,-15,0.8047182559967041
21,black,2,113,g2g3,-14,0.8051106929779053
21,black,2,115,g3d3,-10,0.8041527271270752
21,black,2,117,b2b1q,-10,0.8035926818847656
21,black,2,119,e6f5,-12,0.8044841289520264
21,black,2,121,f5b1,-7,0.804469108581543
21,black,2,123,e8e7,-8,0.8038778305053711
21,black,2,125,f7f6,-7,0.8044793605804443
21,black,2,127,e7e6,-5,0.8041319847106934
21,black,2,129,e6e5,-2,0.7688472270965576
21,black,2,131,b1e4,-4,0.8043217658996582
21,black,2,133,e5d4,-5,0.754906415939331
21,black,2,135,d4e3,-4,0.7547733783721924
21,black,2,137,f6f5,-3,0.7549688816070557
21,black,2,139,f5f4,0,0.6820619106292725
21,black,2,141,e4d5,-3,0.8037080764770508
21,black,2,143,f4f3,0,0.6726415157318115
21,black,2,145,d5e4,0,0.5684413909912109
21,black,2,147,e4d3,0,0.4705040454864502
21,black,2,149,f3f2,0,0.5608294010162354
21,black,2,151,f2f1q,0,0.5348591804504395
21,black,2,153,f1f6,0,0.2715115547180176
21,black,2,155,f6e6,0,0.26485753059387207
21,black,2,157,e3d4,0,0.06428170204162598
21,black,2,159,d4c3,0,0.14622831344604492
21,black,2,161,e6a6,0,0.004261493682861328
22,black,2,1,e7e5,-102,0.7550323009490967
22,black,2,3,e5d4,-78,0.7585718631744385
22,black,2,5,d7d5,-28,0.7596945762634277
22,black,2,7,c7c6,50,0.7586925029754639
22,black,2,9,h7h6,-3,0.7590141296386719
22,black,2,11,g8f6,0,0.759218692779541
22,black,2,13,f8d6,-66,0.7592215538024902
22,black,2,15,e8g8,-38,0.7611589431762695
22,black,2,17,f8e8,-82,0.757298469543457
22,black,2,19,f6e4,-103,0.7586910724639893
22,black,2,21,c8f5,-152,0.760063648223877
22,black,2,23,a7a5,-163,0.7586290836334229
22,black,2,25,b8d7,-157,0.7617223262786865
22,black,2,27,a8c8,-134,0.7604072093963623
22,black,2,29,g8h8,-183,0.7576944828033447
22,black,2,31,c8b8,-319,0.7584846019744873
22,black,2,33,d7f6,-159,0.761568546295166
22,black,2,35,h8h7,-9,0.7566757202148438
22,black,2,37,b8a8,-125,0.7617058753967285
22,black,2,39,h7h8,-137,0.7565155029296875
22,black,2,41,d6e5,-91,0.7609801292419434
22,black,2,43,f6d7,-19,0.7584984302520752
22,black,2,45,d7c5,-166,0.8046646118164062
22,black,2,47,c5b3,-129,0.758798360824585
22,black,2,49,e8e7,-266,0.7612795829772949
22,black,2,51,d8f8,-221,0.8044371604919434
22,black,2,53,b3c1,-142,0.75905442237854
22,black,2,55,e4d6,-170,0.7567343711853027
22,black,2,57,f8f5,-221,0.7574477195739746
22,black,2,59,f5f6,-353,0.7572615146636963
22,black,2,61,f6f2,-353,0.8042490482330322
22,black,2,63,d6e4,-350,0.7562105655670166
22,black,2,65,e4c5,-501,0.7556900978088379
22,black,2,67,c5b3,-510,0.8044204711914062
22,black,2,69,b3d4,-676,0.804161787033081
22,black,2,71,e7f7,-619,0.7561712265014648
22,black,2,73,h8h7,-519,0.7564644813537598
22,black,2,75,a8e8,-747,0.8043720722198486
22,black,2,77,e8e1,-662,0.8044593334197998
22,black,2,79,c6d5,-768,0.8043265342712402
22,black,2,81,h7g6,-846,0.804295539855957
22,black,2,83,f7d7,-868,0.804161548614502
22,black,2,85,a5a4,-759,0.8042371273040771
22,black,2,87,g6f6,-784,0.754692554473877
22,black,2,89,f6e5,-869,0.8046629428863525
22,black,2,91,e5f4,-936,0.8042569160461426
22,black,2,93,d7d8,-1034,0.7547383308410645
22,black,2,95,d8d7,-876,0.804772138595581
22,black,2,97,f4g5,-748,0.8043544292449951
22,black,2,99,d7d8,-643,0.8047306537628174
22,black,2,101,g5f5,-925,0.7548396587371826
22,black,2,103,f5g5,-1672,0.8040874004364014
22,black,2,105,g5h4,-1706,0.8044073581695557
22,black,2,107,d8d3,-5653,0.7551379203796387
22,black,2,109,d3h3,-827,0.7550184726715088
22,black,2,111,b7b6,-1838,0.8038859367370605
22,black,2,113,h3h1,-1349,0.7547173500061035
22,black,2,115,h4g4,-1389,0.7546601295471191
22,black,2,117,h6h5,-5,0.8043291568756104
22,black,2,119,g7g5,-8,0.8044400215148926
22,black,2,121,h1c1,-4910,0.8039710521697998
22,black,2,123,h5h4,-1633,0.8046369552612305
22,black,2,125,c1a1,-1913,0.8039731979370117
22,black,2,127,a1f1,-998,0.7550797462463379
22,black,2,129,f1f5,-7,0.804009199142456
22,black,2,131,f5f8,-6086,0.7554476261138916
22,black,2,133,h4h3,-6105,0.8038756847381592
22,black,2,135,g4g3,-6105,0.8040580749511719
22,black,2,137,h3h2,-4,0.7556586265563965
22,black,2,139,f8a8,-3,0.8040287494659424
22,black,2,141,g5g4,-6,0.7548441886901855
22,black,2,143,g3h3,-5,0.8039262294769287
22,black,2,145,h2h1q,-7,0.8044736385345459
22,black,2,147,h1c1,-7,0.8041036128997803
22,black,2,149,c1d2,-4,0.8046875
22,black,2,151,g4g3,-3,0.8041629791259766
22,black,2,153,d2h6,-5,0.8034534454345703
22,black,2,155,h6b6,-4,0.8038101196289062
22,black,2,157,h3g4,-3,0.8043525218963623
22,black,2,159,b6b8,0,0.7545130252838135
22,black,2,161,b8f4,0,0.6454246044158936
22,black,2,163,f4f2,-2,0.7649376392364502
22,black,2,165,g4h4,-4,0.8040285110473633
22,black,2,167,f2f1,0,0.47775721549987793
22,black,2,169,g3g2,0,0.735666036605835
22,black,2,171,f1f4,0,0.29692912101745605
22,black,2,173,f4e4,0,0.3215956687927246
22,black,2,175,g2g1q,0,0.20756959915161133
22,black,2,177,g1a1,0,0.13163208961486816
22,black,2,179,e4b7,0,0.12867164611816406
22,black,2,181,a1b2,0,0.11434078216552734
22,black,2,183,b7d5,0,0.019549846649169922
22,black,2,185,b2d2,0,0.009062051773071289
23,black,2,1,e7e6,5,0.7585253715515137
23,black,2,3,d7d5,84,0.7594184875488281
23,black,2,5,d5d4,0,0.7571225166320801
23,black,2,7,d4d3,78,0.7586796283721924
23,black,2,9,d8h4,62,0.760209321975708
23,black,2,11,c7c5,207,0.7588927745819092
23,black,2,13,c8d7,115,0.76051926612854
23,black,2,15,g8h6,-86,0.7585494518280029
23,black,2,17,h4d8,53,0.7587263584136963
23,black,2,19,f8e7,130,0.7595987319946289
23,black,2,21,h6f5,80,0.7598874568939209
23,black,2,23,d8a5,-68,0.7633743286132812
23,black,2,25,c5b4,73,0.7611525058746338
23,black,2,27,a5d8,84,0.7593691349029541
23,black,2,29,e7d6,11,0.7592639923095703
23,black,2,31,b8c6,34,0.8042812347412109
23,black,2,33,e6e5,-212,0.7582647800445557
23,black,2,35,f5d6,37,0.7602176666259766
23,black,2,37,d8e7,-281,0.7585439682006836
23,black,2,39,e8c8,-208,0.7557919025421143
23,black,2,41,d6c4,-253,0.7571990489959717
23,black,2,43,h8e8,-225,0.7576358318328857
23,black,2,45,c6b4,-726,0.7594790458679199
23,black,2,47,e7c5,-475,0.7568056583404541
23,black,2,49,d7a4,-389,0.7583718299865723
23,black,2,51,c5f5,-610,0.8052070140838623
23,black,2,53,e8e3,-606,0.7555758953094482
23,black,2,55,a4b3,-662,0.804595947265625
23,black,2,57,e3e1,-691,0.7570576667785645
23,black,2,59,b4d3,-705,0.8041245937347412
23,black,2,61,d8d3,-751,0.8044092655181885
23,black,2,63,d3b3,-844,0.804739236831665
23,black,2,65,a7a6,-795,0.8044788837432861
23,black,2,67,b3b5,-1145,0.8039426803588867
23,black,2,69,a6a5,-1861,0.8043081760406494
23,black,2,71,b5b3,-1015,0.7552003860473633
23,black,2,73,c8d7,-2401,0.7549598217010498
23,black,2,75,b7b5,-6252,0.7547495365142822
23,black,2,77,a5a4,-8,0.803931474685669
23,black,2,79,a4a3,-14,0.7550010681152344
23,black,2,81,a3a2,-5,0.8043532371520996
23,black,2,83,b3b1,-2,0.7690441608428955
23,black,2,85,b5b4,-2,0.8040456771850586
23,black,2,87,d7e7,-3,0.7583315372467041
23,black,2,89,e7e8,-3,0.8040006160736084
23,black,2,91,b1a1,-3,0.80470871925354
23,black,2,93,h7h6,-3,0.8048880100250244
23,black,2,95,a1f1,-4,0.755133867263794
23,black,2,97,f1f4,-4,0.7543830871582031
23,black,2,99,e8d7,0,0.6274909973144531
23,black,2,101,d7d6,0,0.6625645160675049
23,black,2,103,d6e6,-7,0.7543811798095703
23,black,2,105,e6f6,-6,0.7542617321014404
23,black,2,107,f6g5,-4,0.8042538166046143
23,black,2,109,g5h5,-4,0.8043005466461182
23,black,2,111,h5g4,-2,0.794588565826416
23,black,2,113,g4f5,0,0.7298164367675781
23,black,2,115,f4d4,0,0.6392934322357178
23,black,2,117,f5e5,0,0.46477413177490234
23,black,2,119,e5d5,0,0.524620532989502
23,black,2,121,d5c4,0,0.33499646186828613
23,black,2,123,b4b3,0,0.1559453010559082
23,black,2,125,d4d1,0,0.05372476577758789
23,black,2,127,d1b1,0,0.054270267486572266
23,black,2,129,b1a1,0,0.04783177375793457
24,black,2,1,d7d5,50,0.7574388980865479
24,black,2,3,g8f6,13,0.7619574069976807
24,black,2,5,b8c6,-20,0.7633388042449951
24,black,2,7,c8f5,-89,0.7578022480010986
24,black,2,9,c6a5,-78,0.7628269195556641
24,black,2,11,e7e6,-76,0.7604098320007324
24,black,2,13,b7b6,-39,0.7625083923339844
24,black,2,15,h7h6,-165,0.759427547454834
24,black,2,17,d8f6,-202,0.7596621513366699
24,black,2,19,f5h7,-235,0.7593603134155273
24,black,2,21,f8d6,-325,0.7564778327941895
24,black,2,23,f6f5,-145,0.7570412158966064
24,black,2,25,f5f6,-98,0.7582008838653564
24,black,2,27,f7e6,5,0.7592942714691162
24,black,2,29,e8g8,-302,0.7592563629150391
24,black,2,31,e6e5,-744,0.7593793869018555
24,black,2,33,f6g6,-310,0.760066032409668
24,black,2,35,g6f7,0,0.7578744888305664
24,black,2,37,d6c5,-7,0.7579398155212402
24,black,2,39,a5b7,-163,0.7572629451751709
24,black,2,41,h7e4,-341,0.7568602561950684
24,black,2,43,b7d6,-292,0.7567472457885742
24,black,2,45,e5e4,-788,0.7575387954711914
24,black,2,47,a8e8,-822,0.7572174072265625
24,black,2,49,f7d5,-883,0.7581369876861572
24,black,2,51,d6c4,-6,0.8040857315063477
24,black,2,53,d5c4,-2,0.7567224502563477
24,black,2,55,c5b4,-1,0.7609329223632812
24,black,2,57,e8d8,-22,0.7563502788543701
24,black,2,59,d8d1,-6581,0.8044834136962891
24,black,2,61,b4c3,-28,0.7559292316436768
24,black,2,63,f8f5,0,0.8041155338287354
24,black,2,65,f5b5,0,0.7553749084472656
24,black,2,67,c3b2,0,0.5649886131286621
24,black,2,69,b5d5,0,0.46422767639160156
24,black,2,71,c4c2,0,0.5607800483703613
24,black,2,73,c2d1,0,0.2683982849121094
24,black,2,75,d1d2,0,0.2567896842956543
24,black,2,77,b2e5,0,0.0926213264465332
24,black,2,79,d2f2,0,0.19832992553710938
24,black,2,81,e5h2,0,0.15628528594970703
24,black,2,83,f2g3,0,0.007781982421875
25,black,2,1,e7e5,-6,0.7616400718688965
25,black,2,3,e5d4,-7,0.7572216987609863
25,black,2,5,d7d5,-30,0.7583825588226318
25,black,2,7,h7h5,56,0.7599277496337891
25,black,2,9,c7c6,0,0.7597877979278564
25,black,2,11,f8d6,-18,0.7581162452697754
25,black,2,13,b8d7,22,0.7572319507598877
25,black,2,15,d5e4,7,0.8047182559967041
25,black,2,17,d8e7,17,0.7585222721099854
25,black,2,19,d6c7,0,0.7569117546081543
25,black,2,21,d7f6,51,0.7599389553070068
25,black,2,23,c8f5,-64,0.757866382598877
25,black,2,25,g7f6,-62,0.7592730522155762
25,black,2,27,e8e7,-125,0.7588369846343994
25,black,2,29,e7e8,-99,0.7573232650756836
25,black,2,31,g8e7,-27,0.7600164413452148
25,black,2,33,a8d8,-36,0.7574586868286133
25,black,2,35,c7b6,-30,0.7561781406402588
25,black,2,37,h8g8,-97,0.7556900978088379
25,black,2,39,f5h3,-108,0.7577700614929199
25,black,2,41,h3e6,-221,0.757603645324707
25,black,2,43,e6b3,-224,0.7571897506713867
25,black,2,45,a7a6,-138,0.8050720691680908
25,black,2,47,b3d5,-305,0.758136510848999
25,black,2,49,e7c8,-162,0.7558515071868896
25,black,2,51,e8e7,-415,0.7583465576171875
25,black,2,53,h5h4,-289,0.7570326328277588
25,black,2,55,h4g3,-256,0.7570302486419678
25,black,2,57,f6f5,-200,0.7557773590087891
25,black,2,59,d8f8,-325,0.7579014301300049
25,black,2,61,c8d6,-334,0.7563087940216064
25,black,2,63,f8e8,-229,0.7548515796661377
25,black,2,65,d6e4,-271,0.8050413131713867
25,black,2,67,f5e4,-202,0.7581400871276855
25,black,2,69,e7f6,-187,0.759040355682373
25,black,2,71,f6g6,-203,0.8047282695770264
25,black,2,73,f7f5,-55,0.7561743259429932
25,black,2,75,e8e7,-68,0.7561750411987305
25,black,2,77,f5g4,-203,0.7553586959838867
25,black,2,79,g6f7,-187,0.7558386325836182
25,black,2,81,e7d7,-135,0.754976749420166
25,black,2,83,d5e6,-152,0.7558760643005371
25,black,2,85,f7e8,-125,0.8046073913574219
25,black,2,87,d7f7,-119,0.7569055557250977
25,black,2,89,e8d7,-186,0.8039426803588867
25,black,2,91,d7e8,4,0.7552239894866943
25,black,2,93,g8g6,0,0.7358460426330566
25,black,2,95,c6c5,0,0.6119141578674316
25,black,2,97,e6d7,0,0.31261253356933594
25,black,2,99,e8f7,0,0.21178627014160156
25,black,2,101,f7e6,0,3.751265287399292
25,black,2,103,e6f7,0,0.08201432228088379
25,black,2,105,f7g8,0,0.007317304611206055
